{
    "faithfulness": 0.9791059280855199,
    "answer_relevancy": 0.8405973434401685,
    "answer_correctness": 0.9669037192085532
}